id_order,year_month,order_total_paid,product_name,product_url_img
127123356,2020-06,9.99,tinder plus (renouvellement automatique),https://is5-ssl.mzstatic.com/image/thumb/Purple123/v4/27/11/28/27112846-9d92-8fe4-d8a6-e427cb6a040a/AppIcon-1x_U007emarketing-0-7-0-0-85-220.png/128x128bb-80.jpg
97362247,2020-06,6.99,abonnement mensuel disney+ (renouvellement automatique),https://is4-ssl.mzstatic.com/image/thumb/Purple113/v4/3b/52/f1/3b52f173-f415-5e56-df4e-648db456bbbc/AppIcon-1x_U007emarketing-0-7-0-0-0-85-220.png/128x128bb-80.jpg
97368846,2020-06,7.99,1 ecrans a la fois (renouvellement automatique),https://is3-ssl.mzstatic.com/image/thumb/Purple123/v4/b6/90/09/b690096f-1248-20cf-b898-a9b9a39964d3/AppIcon-0-0-1x_U007emarketing-0-0-0-10-0-0-sRGB-0-0-0-GLES2_U002c0-512MB-85-220-0-0.png/128x128bb-80.jpg
121438635,2020-08,7.99,netflix 1 screen - unlimited streaming (renouvellement automatique),https://is2-ssl.mzstatic.com/image/thumb/Purple123/v4/d7/65/f0/d765f0e9-b45b-8051-3a9b-f2b0cc07da44/App_Icon-marketing.lsr/128x128bb-80.jpg
102081429,2020-08,11.99,netflix 2 screens - unlimited streaming (renouvellement automatique),https://is4-ssl.mzstatic.com/image/thumb/Purple22/v4/96/bc/b1/96bcb12e-d5cd-95f7-584b-f3b7d6446886/mzm.gqwxksty.png/128x128bb-80.jpg
106742517,2020-06,69.99,"c+,sport,cine series,ch.c+ mob (renouvellement automatique)",https://is2-ssl.mzstatic.com/image/thumb/Purple123/v4/0c/69/68/0c696810-0c24-6c61-d35c-66a5c0d172d0/CPAppIcon-0-0-1x_U007emarketing-0-0-0-6-0-0-85-220.png/128x128bb-80.jpg
97457448,2020-06,5.49,juillet est arrive,https://is3-ssl.mzstatic.com/image/thumb/Purple113/v4/ac/bb/6d/acbb6dcb-5abc-c33f-20c2-1344abad0290/AppIcon-0-0-1x_U007emarketing-0-0-0-6-0-85-220.png/128x128bb-80.jpg
123062808,2020-06,3.49,une offre de roi unique !,https://is2-ssl.mzstatic.com/image/thumb/Purple113/v4/69/ee/59/69ee59e4-9251-a630-54eb-b9e956f9965a/AppIcon-0-0-1x_U007emarketing-0-0-0-6-0-85-220.png/128x128bb-80.jpg
100395002,2020-06,2.29,extra small offer,https://is2-ssl.mzstatic.com/image/thumb/Purple123/v4/5c/96/52/5c96528f-75bb-1602-5827-7d61407215fd/AppIcon-0-0-1x_U007emarketing-0-0-0-7-0-85-220.png/128x128bb-80.jpg
104604433,2020-01,16.49,tinder gold (renouvellement automatique),https://is4-ssl.mzstatic.com/image/thumb/Purple123/v4/c1/a3/e7/c1a3e7fc-20e1-3549-e66d-782631f580e6/AppIcon-0-1x_U007emarketing-0-0-GLES2_U002c0-512MB-sRGB-0-0-0-85-220-0-0-0-7.png/128x128bb-80.jpg
98811453,2020-01,15.99,netflix 4 screens - unlimited streaming (renouvellement automatique),https://is5-ssl.mzstatic.com/image/thumb/Purple123/v4/c7/f5/2d/c7f52d6a-87b1-9e2f-8431-3938d58caa6d/AppIcon-0-0-1x_U007emarketing-0-0-0-10-0-0-sRGB-0-0-0-GLES2_U002c0-512MB-85-220-0-0.png/128x128bb-80.jpg
98576271,2020-01,15.99,netflix premium (renouvellement automatique),https://is5-ssl.mzstatic.com/image/thumb/Purple113/v4/2f/7d/f6/2f7df6f0-ca20-2b86-82e9-60e02c2a4fea/AppIcon-0-0-1x_U007emarketing-0-0-0-10-0-0-sRGB-0-0-0-GLES2_U002c0-512MB-85-220-0-0.png/128x128bb-80.jpg
100089238,2020-01,11.99,netflix 2 ecrans - streaming illimite (renouvellement automatique),https://is4-ssl.mzstatic.com/image/thumb/Purple113/v4/69/f0/ef/69f0effb-af7b-3558-3949-e514b19c4ee2/App_Icon-marketing.lsr/128x128bb-80.jpg
97881610,2020-03,10.99,offre,https://is4-ssl.mzstatic.com/image/thumb/Purple123/v4/4a/3d/86/4a3d86a4-23c7-23f3-fe23-5539d8f11531/AppIcon-0-1x_U007emarketing-0-85-220-0-6.png/128x128bb-80.jpg
98957021,2020-02,54.99,caisse de gemmes,https://is2-ssl.mzstatic.com/image/thumb/Purple123/v4/ab/ee/c6/abeec625-ad2f-8611-def5-262cd1621ecb/AppIcon-0-0-1x_U007emarketing-0-0-0-6-0-85-220.png/128x128bb-80.jpg
100386459,2020-01,5.49,pass royale,https://is3-ssl.mzstatic.com/image/thumb/Purple113/v4/f9/96/8b/f9968baa-8401-828a-6a97-f74dffeb5731/AppIcon-0-0-1x_U007emarketing-0-0-0-7-0-85-220.png/128x128bb-80.jpg
98533311,2020-03,1.09,poignee de pieces,https://is5-ssl.mzstatic.com/image/thumb/Purple113/v4/8c/38/56/8c38562c-1621-b055-171a-0e1b3ea6ce26/AppIcon-0-0-1x_U007emarketing-0-0-0-10-0-85-220.png/128x128bb-80.jpg
100146803,2020-01,19.99,canal+ (1 stream),https://is5-ssl.mzstatic.com/image/thumb/Purple123/v4/6c/79/cc/6c79cc75-3999-6411-5dc8-bc3ea67e924e/CPAppIcon-0-0-1x_U007emarketing-0-0-0-6-0-0-sRGB-0-0-0-GLES2_U002c0-512MB-85-220-0-0.png/128x128bb-80.jpg
98279347,2020-01,8.99,offer of 50 gold bars,https://is3-ssl.mzstatic.com/image/thumb/Purple113/v4/d4/f7/3c/d4f73c33-e511-c553-5b40-1311c53acd71/AppIcon-0-0-1x_U007emarketing-0-0-0-7-0-85-220.png/128x128bb-80.jpg
98322387,2020-01,10.99,tinder plus (renouvellement automatique),https://is4-ssl.mzstatic.com/image/thumb/Purple113/v4/a5/56/e7/a556e719-b67d-ae2e-6e5d-8f400a53435d/AppIcon-0-1x_U007emarketing-0-0-GLES2_U002c0-512MB-sRGB-0-0-0-85-220-0-0-0-7.png/128x128bb-80.jpg
99143497,2020-01,15.99,netflix 4 screens - unlimited streaming (renouvellement automatique),https://is2-ssl.mzstatic.com/image/thumb/Purple113/v4/c7/8b/4b/c78b4b2a-28ed-5e61-6210-8296d20f36ef/AppIcon-0-0-1x_U007emarketing-0-0-0-10-0-0-sRGB-0-0-0-GLES2_U002c0-512MB-85-220-0-0.png/128x128bb-80.jpg
101437135,2020-07,15.99,netflix 4 screens - unlimited streaming (renouvellement automatique),https://is1-ssl.mzstatic.com/image/thumb/Purple114/v4/be/db/77/bedb7720-dcb7-ca3d-0985-ab8f5cd2779b/AppIcon-0-0-1x_U007emarketing-0-0-0-10-0-0-sRGB-0-0-0-GLES2_U002c0-512MB-85-220-0-0.png/128x128bb-80.jpg
97463358,2020-01,5.49,80 gemmes,https://is2-ssl.mzstatic.com/image/thumb/Purple123/v4/95/d0/0f/95d00fbc-948c-2f03-0089-731ee870a1fb/AppIcon-0-1x_U007emarketing-0-85-220-0-6.png/128x128bb-80.jpg
98943216,2020-01,5.49,special offer,https://is5-ssl.mzstatic.com/image/thumb/Purple123/v4/0e/f6/3e/0ef63e27-8910-50c7-c9e6-9631526442dc/AppIcon-0-0-1x_U007emarketing-0-0-0-6-0-85-220.png/128x128bb-80.jpg
99999795,2020-01,4.49,special offer,https://is4-ssl.mzstatic.com/image/thumb/Purple113/v4/b8/03/2f/b8032fee-b295-d411-406c-f64fc388d18d/AppIcon-0-1x_U007emarketing-0-85-220-7.png/128x128bb-80.jpg
102072762,2020-08,10.99,bourse de gemmes et cadeaux,https://is5-ssl.mzstatic.com/image/thumb/Purple113/v4/e4/3d/5e/e43d5ee7-a3b3-7984-383f-08c39b79a420/AppIcon-0-0-1x_U007emarketing-0-0-0-6-0-85-220.png/128x128bb-80.jpg
105664538,2020-08,5.49,pass royale,https://is4-ssl.mzstatic.com/image/thumb/Purple113/v4/75/d5/76/75d57691-bb29-461c-0889-c2a2a09d75fd/AppIcon-0-0-1x_U007emarketing-0-0-0-7-0-85-220.png/128x128bb-80.jpg
108369282,2020-08,10.99,tinder plus (renouvellement automatique),https://is5-ssl.mzstatic.com/image/thumb/Purple114/v4/ef/11/2f/ef112fad-b451-49f9-2712-fbc0b389ec62/AppIcon-0-0-1x_U007emarketing-0-0-0-7-0-0-sRGB-0-0-0-GLES2_U002c0-512MB-85-220-0-0.png/128x128bb-80.jpg
112345810,2020-09,6.99,abonnement mensuel disney+ (renouvellement automatique),https://is5-ssl.mzstatic.com/image/thumb/Purple114/v4/e5/d3/12/e5d312bf-2424-d9fe-4a70-305417fce54e/AppIcon-1x_U007emarketing-0-7-0-0-0-85-220.png/128x128bb-80.jpg
112444899,2020-09,11.99,netflix 2 screens - unlimited streaming (renouvellement automatique),https://is3-ssl.mzstatic.com/image/thumb/Purple114/v4/24/fa/c6/24fac6e9-aaff-75bc-033a-48757550f4b1/AppIcon-0-0-1x_U007emarketing-0-0-0-10-0-0-sRGB-0-0-0-GLES2_U002c0-512MB-85-220-0-0.png/128x128bb-80.jpg
113801124,2020-09,15.99,netflix premium (renouvellement automatique),https://is3-ssl.mzstatic.com/image/thumb/Purple124/v4/a1/b7/cc/a1b7cc35-2241-05f3-5354-c2e916b8d8f7/App_Icon-marketing.lsr/128x128bb-80.jpg
113702105,2020-09,6.99,canal+series (1 stream) (renouvellement automatique),https://is3-ssl.mzstatic.com/image/thumb/Purple124/v4/b3/83/94/b38394f0-3857-00a9-a512-cc5f6a9c2e42/CPAppIcon-0-0-1x_U007emarketing-0-0-0-6-0-0-sRGB-85-220.png/128x128bb-80.jpg
113219074,2020-09,1.09,poignee de pieces,https://is2-ssl.mzstatic.com/image/thumb/Purple124/v4/85/c6/e2/85c6e232-ea20-b149-7106-9ed5843d6643/AppIcon-0-0-1x_U007emarketing-0-0-0-10-0-85-220.png/128x128bb-80.jpg
119406891,2020-08,10.99,bienvenue en aout,https://is4-ssl.mzstatic.com/image/thumb/Purple114/v4/84/8f/1b/848f1be2-a229-6abc-33f9-d73e860cb2a4/AppIcon-0-0-1x_U007emarketing-0-0-0-6-0-85-220.png/128x128bb-80.jpg
117895887,2020-09,5.49,pass royale,https://is1-ssl.mzstatic.com/image/thumb/Purple124/v4/df/a8/d8/dfa8d8bc-5d1f-739f-846b-2bff1f7ac5ca/AppIcon-0-0-1x_U007emarketing-0-0-6-0-85-220.png/128x128bb-80.jpg
113167392,2020-09,21.99,special offer,https://is2-ssl.mzstatic.com/image/thumb/Purple114/v4/36/2e/6a/362e6ad2-9fa3-35e8-17d6-5d77036c6c5f/AppIcon-0-0-1x_U007emarketing-0-0-0-6-0-85-220.png/128x128bb-80.jpg
113125290,2020-09,3.49,extra small offer,https://is2-ssl.mzstatic.com/image/thumb/Purple124/v4/4e/21/50/4e215052-29b6-150f-ef1a-b38f98355aee/AppIcon-1x_U007emarketing-0-7-0-85-220.png/128x128bb-80.jpg
116551020,2020-08,16.99,offer of 100 gold bars,https://is2-ssl.mzstatic.com/image/thumb/Purple124/v4/a0/df/57/a0df5737-e2dc-38f5-6dbc-a3d1bd643424/AppIcon-0-0-1x_U007emarketing-0-0-0-7-0-85-220.png/128x128bb-80.jpg
99436270,2020-01,19.99,canal+ (1 stream) (renouvellement automatique),https://is1-ssl.mzstatic.com/image/thumb/Purple123/v4/a2/dc/49/a2dc49d0-a2ab-063c-278f-51fd0824aa02/CPAppIcon-0-0-1x_U007emarketing-0-0-0-6-0-0-sRGB-0-0-0-GLES2_U002c0-512MB-85-220-0-0.png/128x128bb-80.jpg
98116847,2020-05,4.83,tinder plus (renouvellement automatique),https://is3-ssl.mzstatic.com/image/thumb/Purple113/v4/68/fb/7e/68fb7ec1-e45e-e404-d2f9-b09a7c47e811/AppIcon-0-0-1x_U007emarketing-0-0-0-7-0-0-sRGB-0-0-0-GLES2_U002c0-512MB-85-220-0-0.png/128x128bb-80.jpg
97320874,2020-05,6.99,abonnement mensuel disney+ (renouvellement automatique),https://is1-ssl.mzstatic.com/image/thumb/Purple113/v4/fb/ee/a8/fbeea819-20df-8d64-9347-c752800ccebb/AppIcon-0-0-1x_U007emarketing-0-0-0-7-0-0-sRGB-0-0-0-GLES2_U002c0-512MB-85-220-0-0.png/128x128bb-80.jpg
114392688,2020-05,15.99,netflix premium (renouvellement automatique),https://is2-ssl.mzstatic.com/image/thumb/Purple123/v4/00/6a/00/006a006e-c9ff-f760-c6fa-27c379eaeb1a/AppIcon-1x_U007emarketing-0-10-0-0-0-85-220-0.png/128x128bb-80.jpg
99041678,2020-05,11.99,netflix 2 ecrans - streaming illimite (renouvellement automatique),https://is2-ssl.mzstatic.com/image/thumb/Purple113/v4/94/fd/34/94fd34aa-e3be-0134-bb5b-b2378863bb57/App_Icon-marketing.lsr/128x128bb-80.jpg
102899571,2020-05,39.99,c+ cine series (1 stream) (renouvellement automatique),https://is1-ssl.mzstatic.com/image/thumb/Purple113/v4/ac/b7/44/acb74437-d769-75aa-f280-6bc76e033cf0/CPAppIcon-0-0-1x_U007emarketing-0-0-0-6-0-0-sRGB-0-0-0-GLES2_U002c0-512MB-85-220-0-0.png/128x128bb-80.jpg
98870583,2020-05,5.49,poignee de pieces,https://is1-ssl.mzstatic.com/image/thumb/Purple123/v4/8e/6f/56/8e6f563d-6b9c-9426-e7d3-337696f143d8/AppIcon-0-0-1x_U007emarketing-0-0-0-10-0-85-220.png/128x128bb-80.jpg
100327982,2020-06,9.99,pack niveau 100,https://is4-ssl.mzstatic.com/image/thumb/Purple113/v4/7a/42/2f/7a422f34-2355-3244-4ae3-3ca0daedeb2d/AppIcon-0-0-1x_U007emarketing-0-0-0-6-0-85-220.png/128x128bb-80.jpg
97394621,2020-05,5.49,pack de demarrage hotel de ville,https://is2-ssl.mzstatic.com/image/thumb/Purple123/v4/96/65/9e/96659ebd-d1e6-06ed-6098-3eab7200787a/AppIcon-0-0-1x_U007emarketing-0-0-0-6-0-85-220.png/128x128bb-80.jpg
100025951,2020-05,3.49,extra small offer,https://is2-ssl.mzstatic.com/image/thumb/Purple113/v4/90/c1/2e/90c12e37-777e-70fd-1fe3-72e744593fdc/AppIcon-0-0-1x_U007emarketing-0-0-0-7-0-85-220.png/128x128bb-80.jpg
102090688,2020-08,10.99,tinder plus (renouvellement automatique),https://is4-ssl.mzstatic.com/image/thumb/Purple124/v4/11/03/9f/11039faa-b73e-6760-f534-723295170684/AppIcon-1x_U007emarketing-0-7-0-0-85-220.png/128x128bb-80.jpg
118611059,2020-08,7.99,netflix 1 screen - unlimited streaming (renouvellement automatique),https://is1-ssl.mzstatic.com/image/thumb/Purple114/v4/76/db/17/76db17fa-9ec6-86c4-4fc6-ec87bd7b01f0/AppIcon-0-0-1x_U007emarketing-0-0-0-10-0-0-sRGB-0-0-0-GLES2_U002c0-512MB-85-220-0-0.png/128x128bb-80.jpg
101979067,2020-08,6.99,abonnement mensuel disney+ (renouvellement automatique),https://is2-ssl.mzstatic.com/image/thumb/Purple114/v4/f9/7c/21/f97c215c-1402-e99c-b306-f9998c2f51d2/AppIcon-1x_U007emarketing-0-7-0-0-0-85-220.png/128x128bb-80.jpg
103084168,2020-08,20.99,canal+ pack canal+ (1 stream) (renouvellement automatique),https://is4-ssl.mzstatic.com/image/thumb/Purple123/v4/dd/10/f4/dd10f4e6-c997-fa82-b9bb-2dea36ead28f/CPAppIcon-0-0-1x_U007emarketing-0-0-0-6-0-0-sRGB-85-220.png/128x128bb-80.jpg
97734914,2020-06,1.09,poignee de pieces,https://is1-ssl.mzstatic.com/image/thumb/Purple123/v4/6b/42/e1/6b42e103-a8b4-d243-e95b-75f10cf5e613/AppIcon-0-0-1x_U007emarketing-0-0-0-10-0-85-220.png/128x128bb-80.jpg
102290375,2020-08,2.29,offer of 10 gold bars,https://is1-ssl.mzstatic.com/image/thumb/Purple113/v4/f3/b9/29/f3b92904-870d-86f5-9754-9f1732af12d5/AppIcon-0-0-1x_U007emarketing-0-0-0-7-0-85-220.png/128x128bb-80.jpg
97804824,2020-06,15.99,netflix 4 ecrans - streaming illimite (renouvellement automatique),https://is2-ssl.mzstatic.com/image/thumb/Purple123/v4/0d/f4/1f/0df41f26-2ecd-9592-8275-4e632079cb3f/AppIcon-0-0-1x_U007emarketing-0-0-0-10-0-0-sRGB-0-0-0-GLES2_U002c0-512MB-85-220-0-0.png/128x128bb-80.jpg
98656216,2020-03,4.99,tinder plus (renouvellement automatique),https://is2-ssl.mzstatic.com/image/thumb/Purple123/v4/29/79/cb/2979cb71-20c5-4fd2-1c16-85f2caf8c6c9/AppIcon-0-0-1x_U007emarketing-0-0-0-7-0-0-sRGB-0-0-0-GLES2_U002c0-512MB-85-220-0-0.png/128x128bb-80.jpg
99553560,2020-04,15.99,4 ecrans a la fois (renouvellement automatique),https://is1-ssl.mzstatic.com/image/thumb/Purple113/v4/94/6b/2b/946b2bd8-0660-4317-7016-2d85a2a782e7/AppIcon-0-0-1x_U007emarketing-0-0-0-10-0-0-sRGB-0-0-0-GLES2_U002c0-512MB-85-220-0-0.png/128x128bb-80.jpg
100058138,2020-03,24.99,canal+ pack canal+ (1 stream) (renouvellement automatique),https://is3-ssl.mzstatic.com/image/thumb/Purple113/v4/04/3a/95/043a9500-fbfd-625c-182e-33f34bcdb312/CPAppIcon-0-0-1x_U007emarketing-0-0-0-6-0-0-sRGB-0-0-0-GLES2_U002c0-512MB-85-220-0-0.png/128x128bb-80.jpg
97313365,2020-05,11.99,netflix 2 ecrans - streaming illimite (renouvellement automatique),https://is1-ssl.mzstatic.com/image/thumb/Purple123/v4/96/e4/91/96e49199-6ce0-3f7e-d737-e8be719e4e78/AppIcon-1x_U007emarketing-0-10-0-0-0-85-220-0.png/128x128bb-80.jpg
109178802,2020-08,11.99,netflix 2 ecrans - streaming illimite (renouvellement automatique),https://is4-ssl.mzstatic.com/image/thumb/Purple114/v4/72/9b/3e/729b3ea1-d140-af0e-078a-5df609b3abc7/AppIcon-0-0-1x_U007emarketing-0-0-0-10-0-0-sRGB-0-0-0-GLES2_U002c0-512MB-85-220-0-0.png/128x128bb-80.jpg
111165744,2020-09,5.49,gold pass,https://is5-ssl.mzstatic.com/image/thumb/Purple114/v4/84/c3/4b/84c34b07-9742-8f7e-c16c-448da87b5d56/AppIcon-0-0-1x_U007emarketing-0-0-0-6-0-85-220.png/128x128bb-80.jpg
98028927,2020-03,15.99,netflix 4 screens - unlimited streaming (renouvellement automatique),https://is2-ssl.mzstatic.com/image/thumb/Purple123/v4/c8/67/bc/c867bcfa-7066-5ee5-22f3-f1f567353fa7/AppIcon-0-0-1x_U007emarketing-0-0-0-10-0-0-sRGB-0-0-0-GLES2_U002c0-512MB-85-220-0-0.png/128x128bb-80.jpg
99050088,2020-03,1.09,poignee de pieces,https://is1-ssl.mzstatic.com/image/thumb/Purple113/v4/d9/ab/ba/d9abba90-082b-5f62-e724-8554732ed3c8/AppIcon-0-0-1x_U007emarketing-0-0-0-10-0-85-220.png/128x128bb-80.jpg
99406125,2020-03,8.99,pack niveau 75,https://is3-ssl.mzstatic.com/image/thumb/Purple113/v4/5e/7d/6b/5e7d6bde-7672-6005-7e97-10d4b346f5e1/AppIcon-0-0-1x_U007emarketing-0-0-0-6-0-85-220.png/128x128bb-80.jpg
113373117,2020-04,5.49,gold pass,https://is1-ssl.mzstatic.com/image/thumb/Purple113/v4/3e/a6/0a/3ea60ad5-903d-cd4a-87de-11ed6ecbb673/AppIcon-0-0-1x_U007emarketing-0-0-0-6-0-85-220.png/128x128bb-80.jpg
98284294,2020-03,2.29,offer of 10 gold bars,https://is1-ssl.mzstatic.com/image/thumb/Purple113/v4/f5/39/51/f53951c1-2963-21fa-3b27-05a2b22bc34d/AppIcon-0-0-1x_U007emarketing-0-0-0-7-0-85-220.png/128x128bb-80.jpg
98143613,2020-04,11.99,netflix 2 ecrans - streaming illimite (renouvellement automatique),https://is5-ssl.mzstatic.com/image/thumb/Purple123/v4/74/87/40/74874002-f619-83d3-341a-522cc7c2f44f/App_Icon-marketing.lsr/128x128bb-80.jpg
98280925,2020-04,1.09,extra small offer,https://is3-ssl.mzstatic.com/image/thumb/Purple113/v4/0a/c5/06/0ac5067c-f76a-cfe9-e714-d9d613c1b744/AppIcon-0-0-1x_U007emarketing-0-0-0-7-0-85-220.png/128x128bb-80.jpg
103812733,2020-03,10.99,pack maison des ouvriers,https://is3-ssl.mzstatic.com/image/thumb/Purple113/v4/ac/f5/af/acf5af06-2eb9-9cc0-8be8-4cc0c14b01e1/AppIcon-0-0-1x_U007emarketing-0-0-0-6-0-85-220.png/128x128bb-80.jpg
117571034,2020-09,21.99,tinder platinum (renouvellement automatique),https://is5-ssl.mzstatic.com/image/thumb/Purple124/v4/40/12/58/40125852-1169-8c51-70bb-a9a2d4a8b069/AppIcon-0-0-1x_U007emarketing-0-0-0-7-0-0-sRGB-0-0-0-GLES2_U002c0-512MB-85-220-0-0.png/128x128bb-80.jpg
117697031,2020-09,15.99,netflix 4 ecrans - streaming illimite (renouvellement automatique),https://is5-ssl.mzstatic.com/image/thumb/Purple124/v4/13/78/76/137876de-f541-98f5-7b54-b20ceeb5beb2/AppIcon-0-0-1x_U007emarketing-0-0-0-10-0-0-sRGB-0-0-0-GLES2_U002c0-512MB-85-220-0-0.png/128x128bb-80.jpg
117312527,2020-09,11.99,netflix standard (renouvellement automatique),https://is1-ssl.mzstatic.com/image/thumb/Purple114/v4/da/71/0f/da710f15-def8-3bca-a40f-0e18927bcc7d/App_Icon-marketing.lsr/128x128bb-80.jpg
117450842,2020-09,15.99,netflix 4 screens - unlimited streaming (renouvellement automatique),https://is2-ssl.mzstatic.com/image/thumb/Purple124/v4/15/75/5d/15755d40-1bac-5c15-396d-06ad55eaf814/AppIcon-0-0-1x_U007emarketing-0-0-0-10-0-0-sRGB-0-0-0-GLES2_U002c0-512MB-85-220-0-0.png/128x128bb-80.jpg
113966419,2020-09,10.99,pack niveau 125,https://is2-ssl.mzstatic.com/image/thumb/Purple124/v4/04/13/c9/0413c9d8-7032-c063-4491-1e84821daff7/AppIcon-0-0-1x_U007emarketing-0-0-0-6-0-85-220.png/128x128bb-80.jpg
117522288,2020-09,3.49,offre speciale,https://is3-ssl.mzstatic.com/image/thumb/Purple114/v4/b4/51/42/b451421c-950a-7aad-14a4-c174338d2bb1/AppIcon-0-0-1x_U007emarketing-0-0-0-6-0-85-220.png/128x128bb-80.jpg
113167763,2020-09,5.49,pass royale,https://is2-ssl.mzstatic.com/image/thumb/Purple124/v4/99/33/29/99332913-5164-2f62-2dad-6d19e342539c/AppIcon-0-0-1x_U007emarketing-0-0-6-0-85-220.png/128x128bb-80.jpg
117351662,2020-09,6.99,abonnement mensuel disney+ (renouvellement automatique),https://is4-ssl.mzstatic.com/image/thumb/Purple124/v4/92/f7/42/92f74264-a38f-9f65-69b1-4204606e6cdb/AppIcon-1x_U007emarketing-0-7-0-0-0-85-220.png/128x128bb-80.jpg
113700193,2020-09,1.09,poignee de pieces,https://is1-ssl.mzstatic.com/image/thumb/Purple114/v4/b4/17/d5/b417d5dd-e08b-dea1-4300-327238b6eae4/AppIcon-0-0-1x_U007emarketing-0-0-0-10-0-85-220.png/128x128bb-80.jpg
117879844,2020-09,2.29,offer of 10 gold bars,https://is4-ssl.mzstatic.com/image/thumb/Purple114/v4/22/dd/06/22dd06a1-adad-ea4d-1f28-c06b7ad381c7/AppIcon-1x_U007emarketing-0-7-0-85-220.png/128x128bb-80.jpg
114899715,2020-09,15.99,netflix 4 screens - unlimited streaming (renouvellement automatique),https://is5-ssl.mzstatic.com/image/thumb/Purple124/v4/28/e0/ac/28e0ace8-b9d9-0e38-e4c8-5274bdb960dc/AppIcon-0-0-1x_U007emarketing-0-0-0-10-0-0-sRGB-0-0-0-GLES2_U002c0-512MB-85-220-0-0.png/128x128bb-80.jpg
111210929,2020-05,15.99,netflix 4 screens - unlimited streaming (renouvellement automatique),https://is3-ssl.mzstatic.com/image/thumb/Purple113/v4/ba/d4/f7/bad4f7dd-7506-dce9-313c-67e056c17eb0/AppIcon-1x_U007emarketing-0-10-0-0-0-85-220-0.png/128x128bb-80.jpg
98781882,2020-05,15.99,netflix 4 ecrans - streaming illimite (renouvellement automatique),https://is4-ssl.mzstatic.com/image/thumb/Purple123/v4/79/da/e3/79dae369-7356-ddbe-100d-afd193470f8c/App_Icon-marketing.lsr/128x128bb-80.jpg
114906566,2020-09,6.99,abonnement mensuel disney+ (renouvellement automatique),https://is2-ssl.mzstatic.com/image/thumb/Purple124/v4/89/4a/88/894a88e9-7ed2-e10f-e2c8-d66b77aa4c71/AppIcon-1x_U007emarketing-0-7-0-0-0-85-220.png/128x128bb-80.jpg
114622538,2020-09,15.99,netflix premium (renouvellement automatique),https://is5-ssl.mzstatic.com/image/thumb/Purple124/v4/2e/1a/00/2e1a0071-8ea2-8708-4718-40aafd6d14b2/App_Icon-marketing.lsr/128x128bb-80.jpg
100369972,2020-04,6.99,abonnement mensuel disney+ (renouvellement automatique),https://is4-ssl.mzstatic.com/image/thumb/Purple113/v4/a8/51/e4/a851e4f4-98a7-8e3c-3ee0-c507fa214cc4/AppIcon-0-0-1x_U007emarketing-0-0-0-7-0-0-sRGB-0-0-0-GLES2_U002c0-512MB-85-220-0-0.png/128x128bb-80.jpg
99655468,2020-04,15.99,netflix 4 ecrans - streaming illimite (renouvellement automatique),https://is3-ssl.mzstatic.com/image/thumb/Purple113/v4/df/39/ac/df39ac48-6ef4-55f3-c0c0-24fca6f8c961/AppIcon-1x_U007emarketing-0-10-0-0-0-85-220-0.png/128x128bb-80.jpg
113184591,2020-04,7.99,netflix 1 screen - unlimited streaming (renouvellement automatique),https://is5-ssl.mzstatic.com/image/thumb/Purple123/v4/a7/9c/a7/a79ca7dc-1545-536e-0ebc-c86114ab9f90/AppIcon-1x_U007emarketing-0-10-0-0-0-85-220-0.png/128x128bb-80.jpg
97399691,2020-05,6.99,canal+series (1 stream) (renouvellement automatique),https://is5-ssl.mzstatic.com/image/thumb/Purple123/v4/f6/54/4d/f6544d98-6b1a-05c4-10bc-3ec777051f6e/CPAppIcon-0-0-1x_U007emarketing-0-0-0-6-0-0-sRGB-0-0-0-GLES2_U002c0-512MB-85-220-0-0.png/128x128bb-80.jpg
97674088,2020-04,7.99,pack apprenti,https://is3-ssl.mzstatic.com/image/thumb/Purple113/v4/a7/7a/8b/a77a8b57-f6f9-72cc-2860-ee3e9f4e4494/AppIcon-0-0-1x_U007emarketing-0-0-0-10-0-85-220.png/128x128bb-80.jpg
99352754,2020-05,8.99,offer of 50 gold bars,https://is3-ssl.mzstatic.com/image/thumb/Purple113/v4/f5/54/36/f5543625-b669-27ff-36ce-b54b99703735/AppIcon-0-0-1x_U007emarketing-0-0-0-7-0-85-220.png/128x128bb-80.jpg
97454642,2020-03,7.99,netflix essentiel (renouvellement automatique),https://is4-ssl.mzstatic.com/image/thumb/Purple113/v4/b0/c6/6d/b0c66d24-c2ef-bb15-963e-c6fc44d43eaf/AppIcon-0-0-1x_U007emarketing-0-0-0-10-0-0-sRGB-0-0-0-GLES2_U002c0-512MB-85-220-0-0.png/128x128bb-80.jpg
98856989,2020-03,21.99,gros sac de gemmes,https://is2-ssl.mzstatic.com/image/thumb/Purple123/v4/c2/bf/c6/c2bfc64d-0300-4b9d-09a1-dfd663a2661c/AppIcon-0-0-1x_U007emarketing-0-0-0-6-0-85-220.png/128x128bb-80.jpg
98643667,2020-03,1.09,poignee de pieces,https://is3-ssl.mzstatic.com/image/thumb/Purple123/v4/ab/88/31/ab883166-26a8-afec-9594-291f57b997d8/AppIcon-0-0-1x_U007emarketing-0-0-0-10-0-85-220.png/128x128bb-80.jpg
97687882,2020-03,1.09,extra small offer,https://is3-ssl.mzstatic.com/image/thumb/Purple113/v4/28/f7/b2/28f7b204-f424-57a1-0d9b-925cd1387d6a/AppIcon-0-0-1x_U007emarketing-0-0-0-7-0-85-220.png/128x128bb-80.jpg
109893065,2020-04,1.09,une offre de roi unique !,https://is5-ssl.mzstatic.com/image/thumb/Purple123/v4/57/54/c1/5754c1b1-6a68-b701-c1e3-bcdbe4b00500/AppIcon-0-0-1x_U007emarketing-0-0-0-6-0-85-220.png/128x128bb-80.jpg
107086887,2020-08,1.09,poignee de pieces,https://is2-ssl.mzstatic.com/image/thumb/Purple114/v4/2d/84/3a/2d843aca-a59a-83ff-dc58-b5ea3af350d4/AppIcon-0-0-1x_U007emarketing-0-0-0-10-0-85-220.png/128x128bb-80.jpg
102450487,2020-08,1.09,une offre de roi unique !,https://is4-ssl.mzstatic.com/image/thumb/Purple114/v4/e5/d3/c1/e5d3c1ad-f4ae-859d-b4ac-383814f4cc7f/AppIcon-0-0-1x_U007emarketing-0-0-0-6-0-85-220.png/128x128bb-80.jpg
99011379,2020-03,11.99,netflix 2 ecrans - streaming illimite (renouvellement automatique),https://is2-ssl.mzstatic.com/image/thumb/Purple114/v4/47/05/ee/4705ee47-3a66-f310-0675-71d270fcb075/App_Icon-marketing.lsr/128x128bb-80.jpg
106714986,2020-08,16.49,tinder gold (renouvellement automatique),https://is3-ssl.mzstatic.com/image/thumb/Purple124/v4/83/e5/f2/83e5f20c-7412-a48a-0aff-8fde63c63d07/AppIcon-0-0-1x_U007emarketing-0-0-0-7-0-0-sRGB-0-0-0-GLES2_U002c0-512MB-85-220-0-0.png/128x128bb-80.jpg
106674913,2020-08,6.99,abonnement mensuel disney+ (renouvellement automatique),https://is5-ssl.mzstatic.com/image/thumb/Purple114/v4/01/ba/e2/01bae2e7-9b71-165f-cc0e-f3b526aa7964/AppIcon-1x_U007emarketing-0-7-0-0-0-85-220.png/128x128bb-80.jpg
107001602,2020-08,11.99,netflix standard (renouvellement automatique),https://is1-ssl.mzstatic.com/image/thumb/Purple124/v4/38/5c/5d/385c5da4-6be3-d009-129b-f47b84974d7f/AppIcon-0-0-1x_U007emarketing-0-0-0-10-0-0-sRGB-0-0-0-GLES2_U002c0-512MB-85-220-0-0.png/128x128bb-80.jpg
106709079,2020-08,11.99,netflix standard (renouvellement automatique),https://is4-ssl.mzstatic.com/image/thumb/Purple124/v4/17/6c/ed/176ced55-7e88-a262-5d61-ccdcc9ca9c35/AppIcon-0-0-1x_U007emarketing-0-0-0-10-0-0-sRGB-0-0-0-GLES2_U002c0-512MB-85-220-0-0.png/128x128bb-80.jpg
107028005,2020-08,6.99,small offer,https://is2-ssl.mzstatic.com/image/thumb/Purple124/v4/f4/4d/fe/f44dfe06-8f40-9030-0007-0b3db8e0124c/AppIcon-0-0-1x_U007emarketing-0-0-0-7-0-85-220.png/128x128bb-80.jpg
100714651,2020-03,7.99,netflix essentiel (renouvellement automatique),https://is1-ssl.mzstatic.com/image/thumb/Purple124/v4/b5/1d/8c/b51d8c58-fa82-d985-ce62-eda702c33c36/AppIcon-0-0-1x_U007emarketing-0-0-0-10-0-0-sRGB-0-0-0-GLES2_U002c0-512MB-85-220-0-0.png/128x128bb-80.jpg
98726002,2020-03,6.99,canal+series (1 stream) (renouvellement automatique),https://is3-ssl.mzstatic.com/image/thumb/Purple113/v4/f9/bd/9d/f9bd9db9-1ebc-77af-7424-3dd0f1a1fcb2/CPAppIcon-0-0-1x_U007emarketing-0-0-0-6-0-0-sRGB-0-0-0-GLES2_U002c0-512MB-85-220-0-0.png/128x128bb-80.jpg
99767019,2020-03,6.99,canal+series (1 stream) (renouvellement automatique),https://is2-ssl.mzstatic.com/image/thumb/Purple114/v4/6b/69/b5/6b69b53c-8856-b85d-75d7-ebb53af25944/CPAppIcon-0-0-1x_U007emarketing-0-0-0-6-0-0-sRGB-0-0-0-GLES2_U002c0-512MB-85-220-0-0.png/128x128bb-80.jpg
102393927,2020-08,6.99,abonnement mensuel disney+ (renouvellement automatique),https://is3-ssl.mzstatic.com/image/thumb/Purple124/v4/9d/25/2b/9d252b4e-4325-2cc1-4137-e04a2de01fc8/AppIcon-1x_U007emarketing-0-7-0-0-0-85-220.png/128x128bb-80.jpg
103682425,2020-08,2.29,offer of 10 gold bars,https://is2-ssl.mzstatic.com/image/thumb/Purple124/v4/65/11/33/65113375-f7f9-0f1d-f8d1-0d8607a58a4e/AppIcon-0-0-1x_U007emarketing-0-0-0-7-0-85-220.png/128x128bb-80.jpg
100450777,2020-02,4.99,tinder plus (renouvellement automatique),https://is1-ssl.mzstatic.com/image/thumb/Purple113/v4/64/89/46/64894625-eb9f-a02f-1769-fe8c785467df/AppIcon-0-1x_U007emarketing-0-0-GLES2_U002c0-512MB-sRGB-0-0-0-85-220-0-0-0-7.png/128x128bb-80.jpg
99360221,2020-02,15.99,netflix 4 screens - unlimited streaming (renouvellement automatique),https://is5-ssl.mzstatic.com/image/thumb/Purple113/v4/f6/4c/9b/f64c9bcf-e30b-7049-5e12-921556e2dbcd/AppIcon-0-0-1x_U007emarketing-0-0-0-10-0-0-sRGB-0-0-0-GLES2_U002c0-512MB-85-220-0-0.png/128x128bb-80.jpg
103066564,2020-02,39.99,canal+ pack sport (1 stream) (renouvellement automatique),https://is5-ssl.mzstatic.com/image/thumb/Purple113/v4/5c/d8/da/5cd8daeb-ae23-b8a6-c047-d1b2e7b07abb/CPAppIcon-0-0-1x_U007emarketing-0-0-0-6-0-0-sRGB-0-0-0-GLES2_U002c0-512MB-85-220-0-0.png/128x128bb-80.jpg
98289442,2020-02,2.29,offer of 10 gold bars,https://is1-ssl.mzstatic.com/image/thumb/Purple113/v4/dd/ea/b9/ddeab9e0-007b-7d20-2dfe-21896d5301da/AppIcon-0-0-1x_U007emarketing-0-0-0-7-0-85-220.png/128x128bb-80.jpg
99743765,2020-06,15.99,netflix 4 screens - unlimited streaming (renouvellement automatique),https://is3-ssl.mzstatic.com/image/thumb/Purple113/v4/73/ee/9d/73ee9d66-c4f8-b917-2361-959237741d55/AppIcon-0-0-1x_U007emarketing-0-0-0-10-0-0-sRGB-0-0-0-GLES2_U002c0-512MB-85-220-0-0.png/128x128bb-80.jpg
106419515,2020-07,15.99,netflix 4 ecrans - streaming illimite (renouvellement automatique),https://is3-ssl.mzstatic.com/image/thumb/Purple114/v4/34/5b/8b/345b8b44-dcf3-7070-7f08-772d9f3d708c/AppIcon-0-0-1x_U007emarketing-0-0-0-10-0-0-sRGB-0-0-0-GLES2_U002c0-512MB-85-220-0-0.png/128x128bb-80.jpg
98594845,2020-06,7.99,netflix 1 screen - unlimited streaming (renouvellement automatique),https://is2-ssl.mzstatic.com/image/thumb/Purple123/v4/59/90/c8/5990c85e-6471-1092-ff63-2a577c3d874b/AppIcon-1x_U007emarketing-0-10-0-0-0-85-220-0.png/128x128bb-80.jpg
98331648,2020-06,6.99,abonnement mensuel disney+ (renouvellement automatique),https://is4-ssl.mzstatic.com/image/thumb/Purple113/v4/a4/a8/8d/a4a88d76-b363-745d-01ea-30ba104fd07c/AppIcon-1x_U007emarketing-0-7-0-0-0-85-220.png/128x128bb-80.jpg
98532639,2020-05,1.09,poignee de pieces,https://is2-ssl.mzstatic.com/image/thumb/Purple113/v4/b3/c6/f7/b3c6f7e4-8618-64ea-c6ae-767fe2013745/AppIcon-0-0-1x_U007emarketing-0-0-0-10-0-85-220.png/128x128bb-80.jpg
97399600,2020-06,6.99,canal+series (1 stream) (renouvellement automatique),https://is5-ssl.mzstatic.com/image/thumb/Purple113/v4/3a/97/c4/3a97c4ea-6580-6127-0fe8-3c57fe51147e/CPAppIcon-0-0-1x_U007emarketing-0-0-0-6-0-0-85-220.png/128x128bb-80.jpg
97600960,2020-06,8.99,offer of 50 gold bars,https://is2-ssl.mzstatic.com/image/thumb/Purple113/v4/70/55/a8/7055a837-fbef-7373-1f48-035f6efda85c/AppIcon-0-0-1x_U007emarketing-0-0-0-7-0-85-220.png/128x128bb-80.jpg
113240767,2020-09,15.99,netflix 4 ecrans - streaming illimite (renouvellement automatique),https://is2-ssl.mzstatic.com/image/thumb/Purple114/v4/75/52/47/75524710-6c04-d84d-5035-3d06e75cd81f/AppIcon-0-0-1x_U007emarketing-0-0-0-10-0-0-sRGB-0-0-0-GLES2_U002c0-512MB-85-220-0-0.png/128x128bb-80.jpg
99603717,2020-07,2.99,tinder plus (renouvellement automatique),https://is2-ssl.mzstatic.com/image/thumb/Purple124/v4/20/b9/2a/20b92a6b-9378-7ef1-945f-eaadc6decb23/AppIcon-1x_U007emarketing-0-7-0-0-85-220.png/128x128bb-80.jpg
112868200,2020-02,15.99,netflix premium (renouvellement automatique),https://is5-ssl.mzstatic.com/image/thumb/Purple113/v4/c1/c4/ee/c1c4ee15-d5b7-f317-7721-f35c7d5a4d55/AppIcon-0-0-1x_U007emarketing-0-0-0-10-0-0-sRGB-0-0-0-GLES2_U002c0-512MB-85-220-0-0.png/128x128bb-80.jpg
100394997,2020-03,2.29,extra small offer,https://is5-ssl.mzstatic.com/image/thumb/Purple124/v4/91/07/4e/91074e3c-91be-f65d-c470-53fc88e085c8/AppIcon-0-0-1x_U007emarketing-0-0-0-7-0-85-220.png/128x128bb-80.jpg
97842910,2020-04,15.99,netflix 4 ecrans - streaming illimite (renouvellement automatique),https://is3-ssl.mzstatic.com/image/thumb/Purple123/v4/d1/31/b7/d131b737-c47b-e467-1205-352212bec013/AppIcon-0-0-1x_U007emarketing-0-0-0-10-0-0-sRGB-0-0-0-GLES2_U002c0-512MB-85-220-0-0.png/128x128bb-80.jpg
99857275,2020-02,4.99,tinder plus,https://is4-ssl.mzstatic.com/image/thumb/Purple114/v4/5d/ec/8f/5dec8fbc-384f-bef2-6329-033bcb589de0/AppIcon-0-1x_U007emarketing-0-0-GLES2_U002c0-512MB-sRGB-0-0-0-85-220-0-0-0-7.png/128x128bb-80.jpg
115035436,2020-02,2.99,tinder plus (renouvellement automatique),https://is5-ssl.mzstatic.com/image/thumb/Purple124/v4/6f/a3/e2/6fa3e24f-eb95-8561-11b3-fc1be367cb6c/AppIcon-0-0-1x_U007emarketing-0-0-0-7-0-0-sRGB-0-0-0-GLES2_U002c0-512MB-85-220-0-0.png/128x128bb-80.jpg
98576304,2020-03,15.99,netflix premium (renouvellement automatique),https://is3-ssl.mzstatic.com/image/thumb/Purple114/v4/65/1e/4e/651e4e1a-00fe-0160-fbf1-265ae15f9c82/AppIcon-0-0-1x_U007emarketing-0-0-0-10-0-0-sRGB-0-0-0-GLES2_U002c0-512MB-85-220-0-0.png/128x128bb-80.jpg
99450804,2020-03,6.99,canal+series (1 stream),https://is1-ssl.mzstatic.com/image/thumb/Purple123/v4/52/c4/53/52c4531f-b129-94bb-ede0-ccf6d76b5b1d/CPAppIcon-0-0-1x_U007emarketing-0-0-0-6-0-0-sRGB-0-0-0-GLES2_U002c0-512MB-85-220-0-0.png/128x128bb-80.jpg
99779634,2020-03,10.99,offer,https://is5-ssl.mzstatic.com/image/thumb/Purple123/v4/48/5c/8f/485c8f21-2a9a-a45f-84fb-15d0fe05a326/AppIcon-0-0-1x_U007emarketing-0-0-0-7-0-85-220.png/128x128bb-80.jpg
101294797,2020-07,4.99,tinder plus (renouvellement automatique),https://is1-ssl.mzstatic.com/image/thumb/Purple124/v4/ac/63/a5/ac63a5c7-c15c-0ee3-b159-444abb09a01b/AppIcon-1x_U007emarketing-0-7-0-0-85-220.png/128x128bb-80.jpg
97551555,2020-07,6.99,abonnement mensuel disney+ (renouvellement automatique),https://is3-ssl.mzstatic.com/image/thumb/Purple114/v4/fe/23/9c/fe239ccb-6f8b-5ccb-a591-f229906053d2/AppIcon-1x_U007emarketing-0-7-0-0-0-85-220.png/128x128bb-80.jpg
98501657,2020-03,6.99,1 boost,https://is2-ssl.mzstatic.com/image/thumb/Purple114/v4/1e/8e/a8/1e8ea890-b395-0635-f4ba-230c6bad547f/AppIcon-0-0-1x_U007emarketing-0-0-0-7-0-0-sRGB-0-0-0-GLES2_U002c0-512MB-85-220-0-0.png/128x128bb-80.jpg
102385158,2020-08,7.99,netflix 1 screen - unlimited streaming (renouvellement automatique),https://is2-ssl.mzstatic.com/image/thumb/Purple124/v4/f4/05/2b/f4052b54-7070-ec31-8f35-4e4b1e8bd89c/AppIcon-0-0-1x_U007emarketing-0-0-0-10-0-0-sRGB-0-0-0-GLES2_U002c0-512MB-85-220-0-0.png/128x128bb-80.jpg
114471968,2020-06,4.99,tinder plus (renouvellement automatique),https://is5-ssl.mzstatic.com/image/thumb/Purple123/v4/71/b9/1f/71b91f39-4393-ad72-4740-2d649cdd35de/AppIcon-1x_U007emarketing-0-7-0-0-85-220.png/128x128bb-80.jpg
98315091,2020-06,15.99,netflix premium (renouvellement automatique),https://is3-ssl.mzstatic.com/image/thumb/Purple123/v4/f9/e9/22/f9e922fc-cff3-b972-977c-3a44fdd9cf87/AppIcon-1x_U007emarketing-0-10-0-0-0-85-220-0.png/128x128bb-80.jpg
119319080,2020-06,10.99,fete du lancement en chine,https://is2-ssl.mzstatic.com/image/thumb/Purple113/v4/06/9c/ab/069cab4d-bf33-454f-8af6-bc53558924d7/AppIcon-0-0-1x_U007emarketing-0-0-0-6-0-85-220.png/128x128bb-80.jpg
97700889,2020-06,8.99,offer of 50 gold bars,https://is4-ssl.mzstatic.com/image/thumb/Purple113/v4/5d/9f/cb/5d9fcb5f-96be-92f4-9986-eb0c4c21194c/AppIcon-0-0-1x_U007emarketing-0-0-0-7-0-85-220.png/128x128bb-80.jpg
99418847,2020-01,11.99,netflix 2 ecrans - streaming illimite (renouvellement automatique),https://is3-ssl.mzstatic.com/image/thumb/Purple123/v4/24/0a/14/240a14fe-6e0a-211f-aa42-a8bc7332353c/AppIcon-0-0-1x_U007emarketing-0-0-0-10-0-0-sRGB-0-0-0-GLES2_U002c0-512MB-85-220-0-0.png/128x128bb-80.jpg
98836512,2020-02,11.99,netflix standard (renouvellement automatique),https://is4-ssl.mzstatic.com/image/thumb/Purple113/v4/1b/3f/18/1b3f18e2-4827-5e5b-fe18-65d7416fc7c6/AppIcon-0-0-1x_U007emarketing-0-0-0-10-0-0-sRGB-0-0-0-GLES2_U002c0-512MB-85-220-0-0.png/128x128bb-80.jpg
108817924,2020-08,6.99,abonnement mensuel disney+ (renouvellement automatique),https://is3-ssl.mzstatic.com/image/thumb/Purple114/v4/1e/ef/ed/1eefeddb-bfe1-954c-d6dd-647d05101759/AppIcon-1x_U007emarketing-0-7-0-0-0-85-220.png/128x128bb-80.jpg
107113184,2020-08,11.99,netflix 2 ecrans - streaming illimite (renouvellement automatique),https://is2-ssl.mzstatic.com/image/thumb/Purple114/v4/14/64/34/14643418-81c7-07e9-5ace-0e55b5548c74/AppIcon-0-0-1x_U007emarketing-0-0-0-10-0-0-sRGB-0-0-0-GLES2_U002c0-512MB-85-220-0-0.png/128x128bb-80.jpg
99198854,2020-01,32.99,tinder gold (renouvellement automatique),https://is1-ssl.mzstatic.com/image/thumb/Purple123/v4/4d/29/6e/4d296ea2-f3ae-2b41-3c0f-ff46c5872c73/AppIcon-0-1x_U007emarketing-0-0-GLES2_U002c0-512MB-sRGB-0-0-0-85-220-0-0-0-7.png/128x128bb-80.jpg
100082904,2020-03,15.99,netflix 4 screens - unlimited streaming (renouvellement automatique),https://is5-ssl.mzstatic.com/image/thumb/Purple113/v4/b6/ae/91/b6ae913b-0106-d70e-a46c-d63631f54410/AppIcon-0-0-1x_U007emarketing-0-0-0-10-0-0-sRGB-0-0-0-GLES2_U002c0-512MB-85-220-0-0.png/128x128bb-80.jpg
111634766,2020-03,3.49,une offre de roi unique !,https://is5-ssl.mzstatic.com/image/thumb/Purple113/v4/b1/b2/8e/b1b28ed1-46be-ca22-c3b7-ec96569d3009/AppIcon-0-0-1x_U007emarketing-0-0-0-6-0-85-220.png/128x128bb-80.jpg
127056358,2020-03,34.99,canal+ pack sport (1 stream) (renouvellement automatique),https://is5-ssl.mzstatic.com/image/thumb/Purple123/v4/d3/60/27/d36027d6-2e37-fe19-55f2-e185fafb42a7/CPAppIcon-0-0-1x_U007emarketing-0-0-0-6-0-0-sRGB-0-0-0-GLES2_U002c0-512MB-85-220-0-0.png/128x128bb-80.jpg
97705249,2020-03,8.99,offer of 50 gold bars,https://is4-ssl.mzstatic.com/image/thumb/Purple123/v4/0e/43/ea/0e43ea1d-86c5-82eb-1ab3-562a2f1aebd3/AppIcon-0-0-1x_U007emarketing-0-0-0-7-0-85-220.png/128x128bb-80.jpg
97683573,2020-01,7.99,netflix essentiel (renouvellement automatique),https://is2-ssl.mzstatic.com/image/thumb/Purple123/v4/26/ba/10/26ba10e3-aa40-6045-6387-6ffbc068a96a/AppIcon-0-0-1x_U007emarketing-0-0-0-10-0-0-sRGB-0-0-0-GLES2_U002c0-512MB-85-220-0-0.png/128x128bb-80.jpg
97564523,2020-01,2.29,extra small offer,https://is1-ssl.mzstatic.com/image/thumb/Purple123/v4/be/9c/4c/be9c4cf1-9fbd-65f4-0d8a-4043427dcaf8/AppIcon-0-1x_U007emarketing-0-85-220-0-7.png/128x128bb-80.jpg
100262246,2020-07,15.99,netflix 4 ecrans - streaming illimite (renouvellement automatique),https://is1-ssl.mzstatic.com/image/thumb/Purple114/v4/09/67/5d/09675dff-a473-f3a8-f65f-67c23864cb38/AppIcon-0-0-1x_U007emarketing-0-0-0-10-0-0-sRGB-0-0-0-GLES2_U002c0-512MB-85-220-0-0.png/128x128bb-80.jpg
99852090,2020-05,11.99,netflix standard (renouvellement automatique),https://is5-ssl.mzstatic.com/image/thumb/Purple123/v4/0e/12/e7/0e12e7c0-6886-ddce-fa09-f9f5a6c9d5b4/AppIcon-1x_U007emarketing-0-10-0-0-0-85-220-0.png/128x128bb-80.jpg
113973936,2020-09,6.99,pack niveau 35,https://is3-ssl.mzstatic.com/image/thumb/Purple124/v4/63/70/8f/63708f10-18ec-af67-6188-9eca483fd742/AppIcon-0-0-1x_U007emarketing-0-0-0-6-0-85-220.png/128x128bb-80.jpg
97423694,2020-05,7.99,cinema ou serie canal vod,https://is2-ssl.mzstatic.com/image/thumb/Purple113/v4/bd/15/23/bd152346-8a3f-e853-56ee-984407d5bb7b/CPAppIcon-0-0-1x_U007emarketing-0-0-0-6-0-0-85-220.png/128x128bb-80.jpg
113288652,2020-09,5.49,pack niveau 25,https://is1-ssl.mzstatic.com/image/thumb/Purple114/v4/78/b4/1f/78b41f39-b661-2758-d50b-e6155e1db92b/AppIcon-0-0-1x_U007emarketing-0-0-0-6-0-85-220.png/128x128bb-80.jpg
99024973,2020-03,10.99,3 boosts,https://is4-ssl.mzstatic.com/image/thumb/Purple114/v4/7c/45/1f/7c451fc9-b43f-77f8-18ae-39b27c40256e/AppIcon-0-0-1x_U007emarketing-0-0-0-7-0-0-sRGB-0-0-0-GLES2_U002c0-512MB-85-220-0-0.png/128x128bb-80.jpg
97643000,2020-03,15.99,netflix premium (renouvellement automatique),https://is1-ssl.mzstatic.com/image/thumb/Purple114/v4/34/ed/59/34ed590b-a44b-64c3-a490-97b54dfea511/AppIcon-0-0-1x_U007emarketing-0-0-0-10-0-0-sRGB-0-0-0-GLES2_U002c0-512MB-85-220-0-0.png/128x128bb-80.jpg
99402922,2020-02,11.99,netflix standard (renouvellement automatique),https://is2-ssl.mzstatic.com/image/thumb/Purple124/v4/e6/9c/2f/e69c2f7b-c121-b33b-d2d0-436a128306d3/AppIcon-0-0-1x_U007emarketing-0-0-0-10-0-0-sRGB-0-0-0-GLES2_U002c0-512MB-85-220-0-0.png/128x128bb-80.jpg
98964761,2020-04,21.99,pack maison des ouvriers,https://is3-ssl.mzstatic.com/image/thumb/Purple113/v4/ba/68/c4/ba68c4f9-c11d-91a1-a0fc-d83ec8d370e3/AppIcon-0-0-1x_U007emarketing-0-0-0-6-0-85-220.png/128x128bb-80.jpg
108033394,2020-08,1.09,poignee de pieces,https://is5-ssl.mzstatic.com/image/thumb/Purple114/v4/68/90/c1/6890c10e-e93d-d399-05c0-ef1d8e28bf54/AppIcon-0-0-1x_U007emarketing-0-0-0-10-0-85-220.png/128x128bb-80.jpg
100920817,2020-02,7.99,netflix essentiel (renouvellement automatique),https://is1-ssl.mzstatic.com/image/thumb/Purple123/v4/57/11/a2/5711a279-eb1a-6003-6d84-46a040a8b980/AppIcon-0-0-1x_U007emarketing-0-0-0-10-0-0-sRGB-0-0-0-GLES2_U002c0-512MB-85-220-0-0.png/128x128bb-80.jpg
107821421,2020-06,15.99,netflix 4 screens - unlimited streaming (renouvellement automatique),https://is4-ssl.mzstatic.com/image/thumb/Purple123/v4/6f/31/a5/6f31a5e4-98e5-5ca0-c526-31007af0b48a/AppIcon-1x_U007emarketing-0-10-0-0-0-85-220-0.png/128x128bb-80.jpg
98933637,2020-06,7.99,netflix 1 screen - unlimited streaming (renouvellement automatique),https://is1-ssl.mzstatic.com/image/thumb/Purple113/v4/a3/23/9b/a3239b93-8082-e411-7f5a-3e1052bd0298/AppIcon-1x_U007emarketing-0-10-0-0-0-85-220-0.png/128x128bb-80.jpg
99779630,2020-06,15.99,netflix 4 screens - unlimited streaming (renouvellement automatique),https://is5-ssl.mzstatic.com/image/thumb/Purple113/v4/fc/dd/d1/fcddd1e5-10db-a296-ffe1-b9405187fced/AppIcon-1x_U007emarketing-0-10-0-0-0-85-220-0.png/128x128bb-80.jpg
